{"cameraMode":{"drawMode":0,"name":"Shaded","section":"Shading Mode"},"sceneLighting":true,"audioPlay":false,"sceneViewState":{"showFog":true,"showMaterialUpdate":false,"showSkybox":true,"showFlares":true,"showImageEffects":true,"showParticleSystems":true},"in2DMode":false,"pivot":{"x":57.70392608642578,"y":8.036328315734864,"z":24.75799560546875},"rotation":{"x":-0.38946986198425295,"y":-0.6105092763900757,"z":0.49107417464256289,"w":-0.4841958284378052},"size":27.575969696044923,"orthographic":true}