{"cameraMode":{"drawMode":0,"name":"Shaded","section":"Shading Mode"},"sceneLighting":false,"audioPlay":false,"sceneViewState":{"showFog":true,"showMaterialUpdate":false,"showSkybox":false,"showFlares":true,"showImageEffects":true,"showParticleSystems":true},"in2DMode":false,"pivot":{"x":-3.465247869491577,"y":3.481450080871582,"z":63.133724212646487},"rotation":{"x":-0.4272476136684418,"y":-0.4905335009098053,"z":0.6975462436676025,"w":-0.3004760444164276},"size":12.686628341674805,"orthographic":true}