{"cameraMode":{"drawMode":0,"name":"Shaded","section":"Shading Mode"},"sceneLighting":true,"audioPlay":false,"sceneViewState":{"showFog":true,"showMaterialUpdate":false,"showSkybox":true,"showFlares":true,"showImageEffects":true,"showParticleSystems":true},"in2DMode":false,"pivot":{"x":51.85273742675781,"y":10.503203392028809,"z":15.71175765991211},"rotation":{"x":-0.30097833275794985,"y":0.6535733938217163,"z":-0.31887495517730715,"w":-0.6169581413269043},"size":18.45134162902832,"orthographic":true}