{"cameraMode":{"drawMode":0,"name":"Shaded","section":"Shading Mode"},"sceneLighting":false,"audioPlay":false,"sceneViewState":{"showFog":true,"showMaterialUpdate":false,"showSkybox":false,"showFlares":true,"showImageEffects":true,"showParticleSystems":true},"in2DMode":false,"pivot":{"x":0.0,"y":0.7599999904632568,"z":-23.200000762939454},"rotation":{"x":-0.33268606662750246,"y":0.5770710110664368,"z":-0.27726563811302187,"w":-0.6924334764480591},"size":147.33615112304688,"orthographic":true}