{"cameraMode":{"drawMode":0,"name":"Shaded","section":"Shading Mode"},"sceneLighting":true,"audioPlay":false,"sceneViewState":{"showFog":true,"showMaterialUpdate":false,"showSkybox":true,"showFlares":true,"showImageEffects":true,"showParticleSystems":true},"in2DMode":false,"pivot":{"x":63.896217346191409,"y":5.34529972076416,"z":19.424257278442384},"rotation":{"x":-0.28177782893180849,"y":-0.5232464075088501,"z":0.18855801224708558,"w":-0.7818520665168762},"size":22.830263137817384,"orthographic":true}